trial,score,entropy_coef,learning_rate_collect,learning_rate_crates,learning_rate_versus,coins,gate_collect,gate_crates,self_kill,stopped_after,win,state
1,,0.02557875307967729,0.0006466422717414558,0.001138731709216906,0.0007768811685516971,,0.291015625,,,collect,,PRUNED
2,,0.07230917851781503,0.00042246380742484593,0.0008996299860535253,0.0004429649570464294,,0.291015625,,,collect,,PRUNED
3,,0.024382495879177218,0.0026512259742974293,0.0003684593803501098,0.0014773176334293555,,0.42578125,,,collect,,PRUNED
4,,0.006491242543802529,0.0006903521707993515,0.002329262676497441,0.00012732945242475182,,0.36328125,,,collect,,PRUNED
5,,0.06774572670605332,0.00010711863369746439,0.001697776316333662,0.001410690937355148,,0.17578125,,,collect,,PRUNED
6,,0.05181576032074101,0.002789574430295683,0.0015151446654565377,0.0004804641349751479,,0.455078125,,,collect,,PRUNED
7,,0.08472519974533016,0.00014952219652829968,0.00088153780513692,0.00016283591083632567,,0.19921875,,,collect,,PRUNED
8,,0.05084769352938283,0.0005899745093938507,0.00040973773756855373,0.0002459125638339736,,0.3515625,,,collect,,PRUNED
9,,0.031807703354971996,0.00047183412869566564,0.0006912670683424538,0.00010659941309425501,,0.2890625,,,collect,,PRUNED
10,,0.03855126782292028,0.0008019358005221843,0.000815241575370242,0.00247759517096838,,0.318359375,,,collect,,PRUNED
11,,0.007852932835781808,0.0006889094160818597,0.00120456586776515,0.0016329320769357784,,0.357421875,,,collect,,PRUNED
12,,0.014931266332964249,0.0002097514222321498,0.0012844944885470045,0.0007273567314106148,,0.2734375,,,collect,,PRUNED
13,,0.09629134871829316,0.0004484076915695655,0.0018063131403302183,0.0004207285605825622,,0.287109375,,,collect,,PRUNED
14,,0.035999972635704466,0.0002593193620011786,0.0005316017985093932,0.0003565495068568439,,0.248046875,,,collect,,PRUNED
16,6.0078125,0.016566627651238893,0.0002995317920327722,0.0026797450808921635,0.0005445031633001726,4.171875,0.865234375,0.8255208333333334,0.078125,,0.625,COMPLETE
17,5.0,0.026298096413072743,0.00035529443752276485,0.0029655827274888175,0.00028332464997817556,3.671875,0.87890625,0.703125,0.0546875,,0.5234375,COMPLETE
18,5.4375,0.025062781803998627,0.00019689336901333902,0.0018145063341042332,0.00017483286048994775,3.5625,0.67578125,0.7213541666666666,0.109375,,0.546875,COMPLETE
19,,0.020530631029586605,0.00016259476521344752,0.0009079066899950774,0.00021368598645817998,,0.6796875,0.15104166666666666,,crates,,PRUNED
20,2.3203125,0.01843915798913036,0.00032469428747435627,0.002617543179936944,0.0009417665545501108,1.8515625,0.822265625,0.9270833333333334,0.1875,,0.1796875,COMPLETE
21,,0.010742629289930082,0.0001245633984850935,0.0014054894772836204,0.00016099175876636384,,0.494140625,,,collect,,PRUNED
22,,0.02290575684489229,0.0001372985449398314,0.002048178818362559,0.00037144245431440233,,0.611328125,0.2734375,,crates,,PRUNED
23,4.9296875,0.023040962055091936,0.0002002097063117312,0.00256203986398493,0.0001668443448787212,3.5234375,0.79296875,0.7421875,0.046875,,0.4765625,COMPLETE
24,,0.03889160338204334,0.0001957003368880846,0.002840521201781629,0.0003909601622950219,,0.755859375,0.20052083333333334,,crates,,PRUNED
25,,0.01398022082485467,0.00032683260845808295,0.000816253063150145,0.00017412168371217244,,0.779296875,0.4453125,,crates,,PRUNED
26,6.3984375,0.013561691175645972,0.0001843314481134333,0.002748026023882317,0.00028399739803637206,4.484375,0.708984375,0.828125,0.1171875,,0.625,COMPLETE
27,5.03125,0.009739124848168431,0.0003574058178450536,0.0029014564734942383,0.0003050681288973694,3.859375,0.794921875,0.8177083333333334,0.078125,,0.4765625,COMPLETE
28,,0.01735350078129315,0.00010628516131278789,0.002941726196601131,0.00017729859712596407,,0.39453125,,,collect,,PRUNED
29,5.1484375,0.055932001684992294,0.00032906342049935706,0.0022331044222960437,0.0001548752830396519,3.7421875,0.91015625,0.7213541666666666,0.0390625,,0.4609375,COMPLETE
30,5.796875,0.010472669132335247,0.0001389999913280154,0.002164788508672733,0.0003241729802571648,4.078125,0.53125,0.7838541666666666,0.171875,,0.5859375,COMPLETE
31,6.5390625,0.008687010014989484,0.0001621121939310169,0.0024532731455089245,0.0003642368405707834,4.4296875,0.5546875,0.7682291666666666,0.0546875,,0.703125,COMPLETE
32,4.7734375,0.006678495079984903,0.00015426454948898614,0.002090324884265927,0.000556503740003279,2.9375,0.505859375,0.8125,0.1484375,,0.515625,COMPLETE
33,4.7578125,0.013533090903646735,0.0001862116317286709,0.0018065655907448972,0.0003164873823869336,3.46875,0.666015625,0.7473958333333334,0.1640625,,0.484375,COMPLETE
34,,0.011005060563607396,0.00020457572561958032,0.002724869177743125,0.0006480376008709978,,0.75390625,0.2734375,,crates,,PRUNED
35,,0.009489072234714877,0.00013026464359519835,0.0029282965489410844,0.00034926742388387874,,0.421875,,,collect,,PRUNED
36,3.6328125,0.01738127538486734,0.00010366466021798033,0.002345684560305806,0.0007562308900952049,2.65625,0.546875,0.8359375,0.1484375,,0.359375,COMPLETE
37,4.8828125,0.0060573226201552435,0.00015500756726970978,0.0014432382146060865,0.00019064061261053422,3.4375,0.6015625,0.8828125,0.0703125,,0.4921875,COMPLETE
38,5.59375,0.012398467247594353,0.0002898468715540241,0.002188140319483126,0.00022097298611219022,3.9921875,0.9140625,0.9114583333333334,0.0546875,,0.5703125,COMPLETE
39,5.1796875,0.010361740203186826,0.0001648693948685745,0.0017906915778288525,0.0002295000141734258,3.5,0.583984375,0.8385416666666666,0.1328125,,0.53125,COMPLETE
40,4.9140625,0.006804922066572789,0.00023715725358152255,0.0017798156611015684,0.00033026834504100075,3.5859375,0.6484375,0.8489583333333334,0.0546875,,0.4453125,COMPLETE
41,4.9609375,0.010597221490252443,0.00015898659927597608,0.0013907294645899803,0.0004300271968263682,3.59375,0.587890625,0.6614583333333334,0.03125,,0.515625,COMPLETE
42,,0.010557463901086653,0.00010296076534135394,0.001751399668092882,0.00041884714925679586,,0.3359375,,,collect,,PRUNED
43,4.7109375,0.013956476015021462,0.00029875661615630123,0.001540001428812308,0.000208260063517409,3.5390625,0.857421875,0.7994791666666666,0.0546875,,0.5,COMPLETE
44,5.359375,0.011706557496368522,0.00024221124495529814,0.002535608052363365,0.00020955632624818156,3.7578125,0.81640625,0.8880208333333334,0.0625,,0.46875,COMPLETE
45,,0.008350485011064883,0.00012766875625565892,0.002913969214348242,0.00020538497024914928,,0.47265625,,,collect,,PRUNED
46,,0.009537019568286365,0.00030361578415922337,0.0026396539908298475,0.0005283311632554762,,0.83984375,0.2421875,,crates,,PRUNED
47,5.515625,0.021076800341572426,0.0002707253218975075,0.001803547238129161,0.00023887741647605446,4.1484375,0.755859375,0.8125,0.0625,,0.5859375,COMPLETE
48,4.8828125,0.015393526025652304,0.00016197051252572262,0.0026667115507888507,0.00030109465131440916,3.359375,0.6328125,0.6276041666666666,0.1171875,,0.4375,COMPLETE
49,5.0625,0.009450438881976712,0.00020784053788821968,0.0022153772494518304,0.0001433046737962559,3.9296875,0.7734375,0.8645833333333334,0.0625,,0.5234375,COMPLETE
50,,0.011354399550720639,0.00025333672911685955,0.001651899202237952,0.00046652134772553415,,0.828125,0.484375,,crates,,PRUNED
51,,0.011335253875444894,0.00013819358165232954,0.0021475221883660075,0.000580924402630649,,0.423828125,,,collect,,PRUNED
52,5.0859375,0.010880913203776134,0.0001383297789220264,0.002137207335786252,0.0001571999827269345,3.6015625,0.52734375,0.7734375,0.046875,,0.46875,COMPLETE
53,,0.01982487576914258,0.00027042975153058953,0.0021575448934225134,0.00017137954015490256,,0.84765625,0.22395833333333334,,crates,,PRUNED
54,,0.007721327909245292,0.0001336619052835036,0.001689793897303926,0.0003758684410180631,,0.470703125,,,collect,,PRUNED
55,3.8671875,0.015587726632410561,0.0002355334366262372,0.0024701122448249416,0.00030051629184104354,2.9296875,0.75390625,0.6536458333333334,0.1171875,,0.3515625,COMPLETE
56,5.0859375,0.012919298240852844,0.00015544217520035704,0.002550264943901856,0.00019989906935471443,3.71875,0.521484375,0.7708333333333334,0.046875,,0.5234375,COMPLETE
57,6.0078125,0.021490646433250937,0.0001973195498500838,0.001849733465364231,0.0002585861166175613,4.484375,0.736328125,0.8411458333333334,0.0390625,,0.6015625,COMPLETE
58,,0.008768066401385494,0.00019109229494515922,0.002381688472202648,0.00025551131596289315,,0.791015625,0.2109375,,crates,,PRUNED
59,,0.013566827309621655,0.00010804172782996541,0.002884435068430052,0.00034652975863831237,,0.4609375,,,collect,,PRUNED
60,5.421875,0.013315691206293948,0.00014230372135981548,0.0013786952980994697,0.00021502838078258434,3.8203125,0.61328125,0.8541666666666666,0.15625,,0.5234375,COMPLETE
61,3.421875,0.01482160619184901,0.00016502978044939678,0.0018934461689093533,0.0002134528927314331,2.640625,0.60546875,0.7239583333333334,0.234375,,0.359375,COMPLETE
62,4.65625,0.00817098043788488,0.00020762830239455946,0.0025761203000090587,0.0005055895135229646,3.328125,0.72265625,0.5338541666666666,0.203125,,0.4609375,COMPLETE
63,,0.0094586681836387,0.00012657061477264358,0.002236231988488437,0.0002504986468816189,,0.41015625,,,collect,,PRUNED
64,5.0546875,0.018241337343734277,0.00019823318526442112,0.0015103042520489363,0.0002821989212038548,3.4140625,0.59375,0.7447916666666666,0.1796875,,0.5390625,COMPLETE
65,4.5703125,0.015744237588197454,0.00018734740555302016,0.002428957902250588,0.0004598144063797877,3.515625,0.779296875,0.7552083333333334,0.078125,,0.4296875,COMPLETE
