simulations,move,seconds
0,0,0.0007683100011490751
0,1,0.0006558599998243153
0,2,0.0004873200014117174
0,3,0.00046750000001338776
0,4,0.00046144000043568667
0,5,0.0004946000008203555
0,6,0.00046441999984381255
0,7,0.0004694700000982266
0,8,0.00043550000009418
0,9,0.0004618800012394786
0,10,0.00043509999886737205
0,11,0.0004390600006445311
0,12,0.0004229099995427532
0,13,0.0004080399994563777
0,14,0.00043962000017927494
0,15,0.00043338999967090786
0,16,0.0004322100012359442
0,17,0.00042922000102407765
0,18,0.00043263000043225475
0,19,0.00040842000089469366
0,20,0.0004060099981870735
0,21,0.00043714999992516823
0,22,0.0004370799997559516
0,23,0.0004373299998405855
0,24,0.0004330100000515813
0,25,0.00043343000106688123
0,26,0.0004198599999654107
0,27,0.0004035500005556969
0,28,0.0004447900009836303
0,29,0.0004412700000102632
0,30,0.0004539700003078906
0,31,0.00042966000000888016
0,32,0.000437080001574941
0,33,0.0004089700014446862
0,34,0.00044521000017994083
0,35,0.0004438799987838138
0,36,0.0004366899993328843
0,37,0.0004482200001802994
0,38,0.00043383999945945106
0,39,0.0004298109997762367
0,40,0.0004317599996284116
0,41,0.00041324000085296575
0,42,0.0004372099992906442
0,43,0.00043724999886762816
0,44,0.0004228099987813039
0,45,0.00042192000000795815
0,46,0.00042127000051550567
0,47,0.0004301000008126721
0,48,0.0004110099998797523
0,49,0.00042207000115013216
0,50,0.0004218900012347149
0,51,0.00042639000093913637
0,52,0.00043368999831727706
0,53,0.00041742999928828795
0,54,0.0004255700005160179
0,55,0.00041713000064191874
0,56,0.00042716999996628147
0,57,0.00041986999895016197
0,58,0.00042878000022028573
0,59,0.0004265300012775697
0,60,0.00042485999983910006
0,61,0.00043524000102479476
0,62,0.00042297999971196987
0,63,0.00045042999954603147
2,0,0.0015676999992138008
2,1,0.0012156100001448067
2,2,0.0011753799990401603
2,3,0.0010976100002153544
2,4,0.0010907099986070534
2,5,0.0011248999999224907
2,6,0.0010885199990298133
2,7,0.001078659999620868
2,8,0.0010703099997044774
2,9,0.0010946900001727045
2,10,0.0010763900008896599
2,11,0.00108901000021433
2,12,0.001088740000341204
2,13,0.0010736899985204218
2,14,0.0010698000005504582
2,15,0.0010860809998121113
2,16,0.0010738399996625958
2,17,0.0010744299997895723
2,18,0.0010761900011857506
2,19,0.0010865999993256992
2,20,0.0010815000005095499
2,21,0.0010844799999176757
2,22,0.0010759800006781006
2,23,0.0010797999984788476
2,24,0.0010812900000019
2,25,0.0011323499984428054
2,26,0.001109310000174446
2,27,0.0011181999998370884
2,28,0.001131080000050133
2,29,0.0011032499987777555
2,30,0.0011283299991191598
2,31,0.0011414300006435951
2,32,0.0011454899995442247
2,33,0.0011440899997978704
2,34,0.001110669998524827
2,35,0.001135259999500704
2,36,0.0011302900002192473
2,37,0.0011307700006000232
2,38,0.001108550000935793
2,39,0.001142999999501626
2,40,0.0011565409986360464
2,41,0.0011292300005152356
2,42,0.0011271299990767147
2,43,0.0011156500004290137
2,44,0.0011131499995826744
2,45,0.0011154999992868397
2,46,0.0010969899994961452
2,47,0.001134269999965909
2,48,0.0011437100001785439
2,49,0.0011141599989059614
2,50,0.0011228999992454192
2,51,0.0011154200001328718
2,52,0.0011183999995409977
2,53,0.0011179899993294384
2,54,0.0011098499999206979
2,55,0.0011365999998815823
2,56,0.0011205299997527618
2,57,0.0011382899992895545
2,58,0.0011166599997523008
2,59,0.0011060200013162103
2,60,0.0011350100012350595
2,61,0.0011178100012330106
2,62,0.0010942799999611452
2,63,0.001117220001106034
4,0,0.0020194699991407106
4,1,0.0017679800002952106
4,2,0.001718169998639496
4,3,0.001721200000247336
4,4,0.0017427200000383891
4,5,0.001679710001553758
4,6,0.0016942100010055583
4,7,0.0017150200001196936
4,8,0.0016856000002007931
4,9,0.0017167899986816337
4,10,0.0017237100000784267
4,11,0.0017248700005438877
4,12,0.0016569010003877338
4,13,0.0016843900011735968
4,14,0.0017355700001644436
4,15,0.0017060400004993426
4,16,0.0017208299996127607
4,17,0.0016811199984658742
4,18,0.001627820000067004
4,19,0.0016880200000741752
4,20,0.0016645699997752672
4,21,0.001718550000077812
4,22,0.0017691600005491637
4,23,0.0017202899998665089
4,24,0.0017322800013062079
4,25,0.00191057000120054
4,26,0.0019462500004010508
4,27,0.0019465799996396527
4,28,0.0019570509994082386
4,29,0.0019161899999744492
4,30,0.0019501999995554797
4,31,0.0019460700004856335
4,32,0.0019502300001477124
4,33,0.001908950000142795
4,34,0.0019438200015429175
4,35,0.0019521899994288106
4,36,0.001947689999724389
4,37,0.0019232800004829187
4,38,0.001958580000064103
4,39,0.0019086199990852037
4,40,0.0019074200008617481
4,41,0.0019047999994654674
4,42,0.00195404099940788
4,43,0.0019543899998097913
4,44,0.001969650000319234
4,45,0.0019433300003584009
4,46,0.0019721099997696
4,47,0.001980679999178392
4,48,0.0019597599984990666
4,49,0.001937169998200261
4,50,0.0019152299992128974
4,51,0.001917170000524493
4,52,0.0019446200003585545
4,53,0.0019253300015407149
4,54,0.0019472299991321051
4,55,0.0019383399994694628
4,56,0.0019318200011184672
4,57,0.001936021000801702
4,58,0.0019470999995974125
4,59,0.0019400999990466516
4,60,0.001889830000436632
4,61,0.0019172499996784609
4,62,0.001933699999426608
4,63,0.001938010000230861
8,0,0.003455759999269503
8,1,0.0031760099991515744
8,2,0.0031327199994848343
8,3,0.003113790000497829
8,4,0.003285780001533567
8,5,0.003111230000286014
8,6,0.003092351000304916
8,7,0.003253670000049169
8,8,0.003205580000212649
8,9,0.003222010000172304
8,10,0.0032214499988185707
8,11,0.00324732000080985
8,12,0.003072030000112136
8,13,0.003196659999957774
8,14,0.003204189999451046
8,15,0.0032089409996842733
8,16,0.0032183399998757523
8,17,0.00320893000025535
8,18,0.0030817599999863887
8,19,0.0032109100011439295
8,20,0.0031751700007589534
8,21,0.0032395899997936795
8,22,0.003373329998794361
8,23,0.003362520001246594
8,24,0.003332420999868191
8,25,0.0041192600001522806
8,26,0.004069650000019465
8,27,0.004135350000069593
8,28,0.0041103000003204215
8,29,0.004095409998626565
8,30,0.004087801000423497
8,31,0.00407095999980811
8,32,0.0040968299999804
8,33,0.00412635000066075
8,34,0.004116829999475158
8,35,0.004150900000240654
8,36,0.004085619999386836
8,37,0.004155041000558413
8,38,0.0041024699985428015
8,39,0.0041144000006170245
8,40,0.00408921000052942
8,41,0.004090689999429742
8,42,0.004121850000956329
8,43,0.00411799999892537
8,44,0.004109380999580026
8,45,0.00410455000019283
8,46,0.0040805400003591785
8,47,0.004093819999980042
8,48,0.004098209999938263
8,49,0.004109669998797472
8,50,0.004073609999977634
8,51,0.004103941000721534
8,52,0.004116419999263599
8,53,0.00411924999934854
8,54,0.004114589999517193
8,55,0.004057790001752437
8,56,0.004077019999385811
8,57,0.004123770999285625
8,58,0.004106799999135546
8,59,0.004105320000235224
8,60,0.004081270000824588
8,61,0.004130690000238246
8,62,0.004099409999980708
8,63,0.004132299998673261
16,0,0.006876609999380889
16,1,0.0066024900006596
16,2,0.006661020001047291
16,3,0.006567840999196051
16,4,0.007125719999748981
16,5,0.0065805600006569875
16,6,0.006546020000314456
16,7,0.007077081001625629
16,8,0.006973460000153864
16,9,0.007055840000248281
16,10,0.00706949000050372
16,11,0.007122221000827267
16,12,0.006603760000871262
16,13,0.007102629999280907
16,14,0.0070418999985122355
16,15,0.007107111001459998
16,16,0.007082240001182072
16,17,0.007075309998981538
16,18,0.0065847400001075584
16,19,0.007110140999429859
16,20,0.007008859998677508
16,21,0.007147639998947852
16,22,0.007689440000831382
16,23,0.007658710999749019
16,24,0.007663450000109151
16,25,0.010653639999873121
16,26,0.010712821000197437
16,27,0.01059395999982371
16,28,0.01071338099973218
16,29,0.01069493999966653
16,30,0.010722969998823828
16,31,0.010691191000660183
16,32,0.010710110000218265
16,33,0.010742029999164515
16,34,0.010705491000408074
16,35,0.010744719998911023
16,36,0.010643841000273824
16,37,0.010720160000346368
16,38,0.010718109999288572
16,39,0.010723751000114135
16,40,0.010657500000888831
16,41,0.010714220999943791
16,42,0.010667119999197894
16,43,0.01070349000110582
16,44,0.010641320999638992
16,45,0.010670849998859921
16,46,0.010665660998711246
16,47,0.010676699999748962
16,48,0.010675699999410426
16,49,0.010688140999263851
16,50,0.010687479998523486
16,51,0.010647540000718436
16,52,0.010734641000453848
16,53,0.010653590001311386
16,54,0.010710491000281763
16,55,0.010607479998725466
16,56,0.010709679998399224
16,57,0.010700480999730644
16,58,0.010721959999500541
16,59,0.010713730998759274
16,60,0.010704199999963748
16,61,0.010660190000635339
16,62,0.010689781000110088
16,63,0.010733179999078857
32,0,0.016593760999967344
32,1,0.01612983099948906
32,2,0.016198840001379722
32,3,0.016305060999002308
32,4,0.018057569999655243
32,5,0.01640899099948001
32,6,0.016449790999104152
32,7,0.018044860000372864
32,8,0.016919760999371647
32,9,0.018034721000731224
32,10,0.017065250000086962
32,11,0.018025110999587923
32,12,0.016127819999383064
32,13,0.01802488099929178
32,14,0.016822661000333028
32,15,0.018019749999439227
32,16,0.018041831001028186
32,17,0.016891571000087424
32,18,0.015650299999833805
32,19,0.017968701000427245
32,20,0.016916290000153822
32,21,0.018322321000596276
32,22,0.020872110999334836
32,23,0.02091167099933955
32,24,0.020571610000843066
32,25,0.0329698309997184
32,26,0.03293999200104736
32,27,0.032921521000389475
32,28,0.03300082100031432
32,29,0.032945200999165536
32,30,0.0329599809992942
32,31,0.03293532200041227
32,32,0.03292800099916349
32,33,0.032969920999676106
32,34,0.0329236409997975
32,35,0.03294170099979965
32,36,0.032940482000412885
32,37,0.032954371001324034
32,38,0.032924431001447374
32,39,0.033047930999600794
32,40,0.03298143100073503
32,41,0.032945601000392344
32,42,0.033019131999026285
32,43,0.03289553100148623
32,44,0.03290915100114944
32,45,0.032976380998661625
32,46,0.03289025200137985
32,47,0.03296249100094428
32,48,0.03294668099988485
32,49,0.0328793009994115
32,50,0.03293054099958681
32,51,0.03299664099904476
32,52,0.032884452000871534
32,53,0.03463862100034021
32,54,0.03305610099960177
32,55,0.03282383099940489
32,56,0.03294974099844694
32,57,0.03293371199833928
32,58,0.032907950999288005
32,59,0.03303148099985265
32,60,0.032923480999670574
32,61,0.03288327100017341
32,62,0.03296628199859697
32,63,0.03298480100056622
